-- phpMyAdmin SQL Dump
-- version 5.1.1
-- https://www.phpmyadmin.net/
--
-- Host: 127.0.0.1
-- Generation Time: Mar 08, 2022 at 05:31 PM
-- Server version: 10.4.22-MariaDB
-- PHP Version: 7.4.27

SET SQL_MODE = "NO_AUTO_VALUE_ON_ZERO";
START TRANSACTION;
SET time_zone = "+00:00";


/*!40101 SET @OLD_CHARACTER_SET_CLIENT=@@CHARACTER_SET_CLIENT */;
/*!40101 SET @OLD_CHARACTER_SET_RESULTS=@@CHARACTER_SET_RESULTS */;
/*!40101 SET @OLD_COLLATION_CONNECTION=@@COLLATION_CONNECTION */;
/*!40101 SET NAMES utf8mb4 */;

--
-- Database: `tridentph`
--

-- --------------------------------------------------------

--
-- Table structure for table `accounts`
--

CREATE TABLE `accounts` (
  `id` int(255) NOT NULL,
  `account_name` varchar(255) NOT NULL,
  `created_at` datetime(6) NOT NULL DEFAULT current_timestamp(6),
  `updated_at` datetime(6) NOT NULL DEFAULT current_timestamp(6)
) ENGINE=InnoDB DEFAULT CHARSET=utf8mb4;

--
-- Dumping data for table `accounts`
--

INSERT INTO `accounts` (`id`, `account_name`, `created_at`, `updated_at`) VALUES
(1, 'Trident', '2022-03-07 16:47:38.000000', '2022-03-07 16:47:38.000000'),
(2, 'Billtrim', '2022-03-07 16:47:57.000000', '2022-03-07 16:47:57.000000'),
(3, 'Team Leader', '2022-03-07 16:48:10.000000', '2022-03-07 16:48:10.000000'),
(4, 'Operations Manager', '2022-03-07 16:48:26.000000', '2022-03-07 16:48:26.000000'),
(6, 'QA', '2022-03-07 16:48:34.000000', '2022-03-07 16:48:34.000000'),
(7, 'Avatar', '2022-03-07 16:48:51.000000', '2022-03-07 16:48:51.000000'),
(8, 'Beard Marketing', '2022-03-07 17:53:30.000000', '2022-03-07 17:53:30.000000'),
(9, 'Jeff', '2022-03-07 18:06:04.000000', '2022-03-07 18:06:04.000000'),
(10, 'IT Staff', '2022-03-07 18:31:53.000000', '2022-03-07 18:31:53.000000'),
(11, 'HR Staff', '2022-03-07 18:32:06.000000', '2022-03-07 18:32:06.000000'),
(12, 'Recruitment', '2022-03-07 18:32:22.000000', '2022-03-07 18:32:22.000000'),
(13, 'Security', '2022-03-07 18:35:59.000000', '2022-03-07 18:35:59.000000');

-- --------------------------------------------------------

--
-- Table structure for table `agents`
--

CREATE TABLE `agents` (
  `id` int(255) NOT NULL,
  `bio_no` text DEFAULT NULL,
  `emp_no` text DEFAULT NULL,
  `name` varchar(255) NOT NULL,
  `address` varchar(255) DEFAULT NULL,
  `contact_no` text DEFAULT NULL,
  `date_hired` date DEFAULT NULL,
  `date_of_birth` date DEFAULT NULL,
  `account_id` int(255) DEFAULT NULL,
  `contract_id` int(255) DEFAULT NULL,
  `status` tinyint(1) NOT NULL,
  `status_info` varchar(255) DEFAULT NULL,
  `created_at` datetime(6) NOT NULL DEFAULT current_timestamp(6),
  `updated_at` datetime(6) NOT NULL DEFAULT current_timestamp(6)
) ENGINE=InnoDB DEFAULT CHARSET=utf8mb4;

--
-- Dumping data for table `agents`
--

INSERT INTO `agents` (`id`, `bio_no`, `emp_no`, `name`, `address`, `contact_no`, `date_hired`, `date_of_birth`, `account_id`, `contract_id`, `status`, `status_info`, `created_at`, `updated_at`) VALUES
(12, '5', '1000-05', 'Bantillo, Lorie Ann Silaw', '6-7 Duchess Road, Royal Valley Bangkal, Davao City', '0927-600-1643', '2021-06-10', '1982-08-20', 12, 1, 1, NULL, '2022-03-07 16:24:04.000000', '2022-03-07 18:32:40.000000'),
(14, '8', '1000-08', 'Pelayo, Francis Mark Acedo', 'B4 L22 Kadayawan Homes, Phase 1 NHA Bangkal, Davao City', '0920-753-6499', '2021-06-29', '1987-04-27', 2, 1, 1, NULL, '2022-03-07 16:24:04.000000', '2022-03-07 16:51:37.000000'),
(15, '10', '1000-10', 'Salvaña, Rexter Pilapil', 'Calinan Davao City', '0949-310-8370', '1970-01-01', '1974-10-27', 13, 1, 1, NULL, '2022-03-07 16:24:04.000000', '2022-03-07 18:36:16.000000'),
(16, '11', '1000-11', 'Namata, Princess Ella Malinao', 'Purok Durian, Darong Sta. Cruz, Davao City', '0977-765-2354', '2021-07-01', '1996-01-11', 2, 1, 1, NULL, '2022-03-07 16:24:04.000000', '2022-03-07 16:52:03.000000'),
(17, '13', '1000-13', 'Mulit, McAngelo Adajar', 'Brgy. 22 Los Amigos, Tugbok, Dist., Davao City', '0938-448-3667', '2021-07-16', '1995-05-30', 11, 1, 1, NULL, '2022-03-07 16:24:04.000000', '2022-03-07 18:36:45.000000'),
(18, '158', '1000-16', 'Dulay, Leah Rose', 'Purok 4, Nalum Baliok , Talomo Davao City', '0966-756-1300', '2021-08-17', '1997-06-17', 3, 1, 1, NULL, '2022-03-07 16:24:05.000000', '2022-03-07 16:52:40.000000'),
(19, '159', '1000-04', 'Finlac, Louie Botes', '19 Opal St. SM Village, Bangkal Davao City', '0956-667-9850', '2021-09-06', '1981-11-16', 3, 1, 1, NULL, '2022-03-07 16:24:05.000000', '2022-03-07 16:53:11.000000'),
(20, '16', '1000-', 'Calara, Carlo Jeffrey nesbit', 'Blk. 13 lot 15 romblon phase 2 NHA bangkal Davao Citty', '0995-094-2276', '2021-10-18', '1986-11-03', 4, 1, 1, NULL, '2022-03-07 16:24:05.000000', '2022-03-07 16:53:43.000000'),
(21, '157', '2000-57', 'Turbela, Rendzy', 'Purok 46, Kapundok Ma-a Davao City', '0995-651-9167', '2021-08-06', '1997-01-10', 6, 1, 1, NULL, '2022-03-07 16:24:05.000000', '2022-03-07 16:53:56.000000'),
(22, 'N/A', 'N/A', 'Cunanan, Joel', 'Deca Homes Tacunan, Phase 8B Blk. 14 Lot 10', '0977-655-7022', '2022-01-10', '1996-11-04', 3, 1, 1, NULL, '2022-03-07 16:24:05.000000', '2022-03-07 18:07:33.000000'),
(23, 'N/A', 'N/A', 'Michael Ryan Braza', '1B2 L26 Doña Luisa village Matina', 'N/A', '2022-01-10', '1970-01-01', 4, 1, 1, NULL, '2022-03-07 16:24:05.000000', '2022-03-07 18:07:51.000000'),
(24, '102', '2000-02', 'Amores, Marwin Dique', 'Purok 59 NHA Seaside, Bangkal, Davao City', '0977-400-9792', '2021-06-09', '1999-09-12', 2, 1, 1, NULL, '2022-03-07 16:24:05.000000', '2022-03-07 17:44:53.000000'),
(25, '103', '2000-03', 'Amper, Jomar Edulan', 'Malasugue St., Jerome Ext., Brgy. R. Castillo Agdao, Davao City', '0945-695-2632', '2021-06-09', '1999-02-08', 2, 1, 1, NULL, '2022-03-07 16:24:05.000000', '2022-03-07 17:45:06.000000'),
(26, '104', '2000-04', 'Andoy, Aldwin Incorporado', 'B18 L9 Samantha Homes, Catalunan Pequeño, Davao City', '0951-800-2451', '2021-06-09', '1999-12-16', 2, 1, 1, NULL, '2022-03-07 16:24:05.000000', '2022-03-07 17:45:22.000000'),
(27, '105', '2000-05', 'Artes, Jan Vincent', '379-B Silam Road, Phase 2, Central Park, Bangkal Davao City', '0917-718-6969', '2021-06-09', '1970-01-01', 2, 1, 1, NULL, '2022-03-07 16:24:05.000000', '2022-03-07 17:45:33.000000'),
(28, '111', '2000-11', 'Gascon, Jovito Cainglet', '30-B Mabini St., Boulevard, Davao City', '0945-551-8337', '2021-06-09', '1995-11-14', 2, 1, 1, NULL, '2022-03-07 16:24:05.000000', '2022-03-07 17:45:47.000000'),
(29, '115', '2000-15', 'Ollamina, Jules Van Piastro', 'B52 L3 Deca Homes, Mintal, Davao City', '0908-961-3945', '2021-06-09', '1999-05-01', 2, 1, 1, NULL, '2022-03-07 16:24:05.000000', '2022-03-07 17:46:01.000000'),
(30, '116', '2000-16', 'Paquiding, John Lawrence', 'B1 22-C Piapi Boulevard, Davao City', '0910-773-9034', '2021-06-09', '2000-05-02', 2, 1, 1, NULL, '2022-03-07 16:24:05.000000', '2022-03-07 17:46:15.000000'),
(31, '117', '2000-17', 'Ramada, Janico Campos', 'Corner Times Beach, Ecoland, Matina Davao City', '0915-463-0565', '2021-06-09', '2001-09-05', 2, 1, 1, NULL, '2022-03-07 16:24:05.000000', '2022-03-07 17:46:27.000000'),
(32, '118', '2000-18', 'Señor, Henryx Sotabento', 'Yñeguez Purok 41, Bugac, Ma-a Davao City', '0961-579-8603', '2021-06-09', '1998-12-24', 2, 1, 1, NULL, '2022-03-07 16:24:05.000000', '2022-03-07 17:46:37.000000'),
(33, '120', '2000-20', 'Sorote, Danilo Deligero', '15 Daang Patnubay, Brgy. Bucana, Davao City', '0967-355-4104', '2021-06-09', '1998-09-01', 2, 1, 1, NULL, '2022-03-07 16:24:05.000000', '2022-03-07 17:46:48.000000'),
(34, '124', '2000-24', 'Amorin, Arvin Jay Palacio', 'Purok 4 Sitio Tandawan, Brgy. Magtuod, Davao City', '0915-555-4163', '2021-06-09', '1995-05-09', 2, 1, 1, NULL, '2022-03-07 16:24:05.000000', '2022-03-07 17:46:54.000000'),
(35, '127', '2000-27', 'Bravo, Celestino Lozado', 'B8 L13 Susana Homes III, Baliok, Talomo Davao City', '0953-352-0090', '2021-06-28', '2001-10-19', 2, 1, 1, NULL, '2022-03-07 16:24:05.000000', '2022-03-07 17:47:06.000000'),
(36, '131', '2000-31', 'Engcoy, Adrian Bias', 'Lipadas, Daliao, Toril Davao City', '0956-582-9690', '2021-06-28', '1999-10-09', 2, 1, 1, NULL, '2022-03-07 16:24:05.000000', '2022-03-07 17:47:13.000000'),
(37, '132', '2000-32', 'Gallardo, Klein Larong', 'Km 5.5 Diversion Road, Brgy. 74-A Matina Crossing, Talomo Dist., Davao City', '0951-832-6135', '2021-06-28', '2001-07-09', 2, 1, 1, NULL, '2022-03-07 16:24:05.000000', '2022-03-07 17:47:26.000000'),
(38, '135', '2000-35', 'Leysa, Justher Arenga', 'Lubogan, New Daliaon, Toril Davao City', '0977-210-6448', '2021-06-25', '1997-11-01', 2, 1, 1, NULL, '2022-03-07 16:24:05.000000', '2022-03-07 17:47:33.000000'),
(39, '136', '2000-36', 'Miguel, Mark Henry', 'B8 L16 Gallera de Oro, Bago Aplaya, Talomo Davao City', '0916-523-3038', '2021-06-28', '1995-12-16', 2, 1, 1, NULL, '2022-03-07 16:24:05.000000', '2022-03-07 17:47:43.000000'),
(40, '138', '2000-38', 'Pitallar, Elmar Flores', 'Purok 4 Tandawan, Brgy. Magtuod, Davao City', '0961-757-6853', '2021-06-28', '1994-03-06', 2, 1, 1, NULL, '2022-03-07 16:24:05.000000', '2022-03-07 17:47:49.000000'),
(41, '141', '2000-41', 'Sucuaje, Zaldy Waling', 'Siti Camamara, Brgy. Waan, Davao City', '0963-813-0448', '2021-06-28', '1996-12-01', 2, 1, 1, NULL, '2022-03-07 16:24:05.000000', '2022-03-07 17:48:01.000000'),
(42, '142', '2000-42', 'Umusig, Joey Boy Tigbawan', 'B6 L3 New Creation, Dumoy Association', '0966-461-3848', '2021-06-28', '1998-02-22', 2, 1, 1, NULL, '2022-03-07 16:24:05.000000', '2022-03-07 17:48:06.000000'),
(43, '143', '2000-43', 'Villanueva, Normilah Mae Ojendras', 'B1 L42 Sitio Malatabis, Lizada Toril, Davao City', '0935-031-1110', '2021-11-09', '1998-08-08', 3, 1, 1, NULL, '2022-03-07 16:24:05.000000', '2022-03-08 16:21:57.000000'),
(44, '145', '2000-45', 'Aceberos, Julieber Lintohan', 'Tandawan, Brgy. Magtuod, Ma-a Davao City', '0956-995-5090', '2021-11-16', '1990-09-20', 7, 1, 1, NULL, '2022-03-07 16:24:05.000000', '2022-03-07 17:48:25.000000'),
(45, '150', '2000-50', 'Argota, RC Carey', '46 Orchid St., Malinawon Village, Matina Aplaya, Davao City', '0999-498-3946', '2021-08-02', '2000-09-11', 2, 1, 1, NULL, '2022-03-07 16:24:05.000000', '2022-03-07 17:48:35.000000'),
(46, '152', '2000-52', 'De Gracia, Claudine Via Blanco', 'B13 L17 St. Ignatius, Lambo Indangan, Buhangin Davao City', '0977-255-7443', '2021-08-02', '1998-06-29', 2, 1, 1, NULL, '2022-03-07 16:24:05.000000', '2022-03-07 17:48:42.000000'),
(47, '154', '2000-54', 'Hambre, Jodessa Princess', 'B36 L14 NHA Village, Ma-a Davao City', '0953-4466-506', '2021-08-02', '1999-12-07', 7, 1, 1, NULL, '2022-03-07 16:24:05.000000', '2022-03-07 17:48:55.000000'),
(48, '155', '2000-55', 'Visaya, Harold Jhon Rafil', 'B2 L3 Residencia del Rio, Catalunan Pequeño, Davao City', '0935-653-2282', '2021-08-02', '1997-11-06', 2, 1, 1, NULL, '2022-03-07 16:24:05.000000', '2022-03-07 17:49:01.000000'),
(49, '161', '2000-40', 'Baclas, Christopher Barrera', 'Matina Aplaya Davao City', '0961-071-1334', '2021-11-16', '1998-11-09', 7, 1, 1, NULL, '2022-03-07 16:24:05.000000', '2022-03-07 17:49:21.000000'),
(50, '160', '2000-30', 'Balihani, Al-jalyl Magurawon', 'Purok 60 Talomo Muslim Village NHA Bangkal Davao City', '0995-412-2787', '2021-11-16', '1999-05-09', 7, 1, 1, NULL, '2022-03-07 16:24:05.000000', '2022-03-07 17:49:35.000000'),
(51, '162', '2000-46', 'Balmes Rizza Leonor Suyko', 'Crysanthemum St. San Juan Village Bangal Davao City', '0975-536-1632', '2021-11-16', '2002-12-30', 7, 1, 1, NULL, '2022-03-07 16:24:05.000000', '2022-03-07 17:49:50.000000'),
(52, '163', '2000-39', 'Canobas, Ahmad Musa', 'Muslim Village NHA bangkal Davao City', '0915-713-4662', '2021-11-16', '2001-01-25', 7, 1, 1, NULL, '2022-03-07 16:24:05.000000', '2022-03-07 17:49:58.000000'),
(53, '164', '2000-23', 'Dipatuan, Naif Tahir', 'NHA Bangkal Muslim Village Davao City', 'N/A', '2021-11-16', '2000-09-30', 7, 1, 1, NULL, '2022-03-07 16:24:05.000000', '2022-03-07 18:08:01.000000'),
(54, '165', '2000-26', 'Fetalver, James Anthony Estrera', 'Maharlika Village Matina Aplaya Davao City', '0905-246-4228', '2021-11-16', '1999-09-09', 7, 1, 1, NULL, '2022-03-07 16:24:05.000000', '2022-03-07 17:50:24.000000'),
(55, '166', '2000-43', 'Francia, Jeanly Ruth Mancao', 'Purok 7 Gumamela St. Brgy. 5-A Bankerohan Davao City', '0995-894-2143', '2021-11-16', '2000-07-07', 7, 1, 1, NULL, '2022-03-07 16:24:05.000000', '2022-03-07 17:50:32.000000'),
(56, '167', '2000-29', 'Jumaway, Rozelyn', '0909 Copper St., San Rafael Village, Davao City', '0908-534-7129', '2021-11-16', '1995-12-29', 7, 1, 1, NULL, '2022-03-07 16:24:05.000000', '2022-03-07 17:50:38.000000'),
(57, '170', '2000-45', 'Lindongan, Abdul Wahid Mojares', 'Talomo Muslin Village Bangkal Davao City', '0963-544-4282', '2021-11-16', '1995-01-01', 7, 1, 1, NULL, '2022-03-07 16:24:05.000000', '2022-03-07 17:50:45.000000'),
(111, '3', '1000-03', 'Morteza, Richard Manalo', 'Muslim Village, Bangkal, Davao City', '0991-650-2140', '2021-06-05', '1989-03-24', 2, 1, 0, 'AWOL', '2022-03-07 16:46:03.000000', '2022-03-07 17:51:43.000000'),
(112, '4', '1000-04', 'Ureta, Jhona Mae Zanoria', '036-A Dumanlas San Miguel, Buhangin, Davao City', '0915-679-4119', '2021-06-08', '1988-10-26', 2, 1, 0, 'RESIGNED', '2022-03-07 16:46:03.000000', '2022-03-07 18:11:08.000000'),
(113, '9', '1000-09', 'Elian, Nomar Jay', 'B8 L4 Phase 10 Deca Homes Resort Residences Brgy. Tacunan, Davao City', '0997-653-9895', '1970-01-01', '1993-09-19', 8, 1, 0, 'TERMINATED', '2022-03-07 16:46:03.000000', '2022-03-07 17:53:52.000000'),
(114, 'N/A', '1000-14', 'Erbeto, Jerry  Villasante', 'Brgy. Aquino Sarphil, Agdao, Davao City', '0948-848-2604', '2021-07-13', '1983-11-28', 2, 1, 0, 'AWOL', '2022-03-07 16:46:03.000000', '2022-03-07 18:08:27.000000'),
(115, 'N/A', '1000-15', 'Ubat, Reynil Bongabong', 'Purok 38 Abayon Village, Calinan Davao City', '9101101066', '2021-07-22', '1985-06-10', 2, 1, 0, 'AWOL', '2022-03-07 16:46:03.000000', '2022-03-07 18:09:39.000000'),
(116, '101', '2000-01', 'Agbon, Herminigildo Amargo', 'Purok 41, Crossing Ulas Brgy Talomo, Davao City', '0927-248-5191', '2021-06-09', '1968-01-26', 2, 1, 0, 'RESIGNED', '2022-03-07 16:46:03.000000', '2022-03-07 17:54:53.000000'),
(117, '107', '2000-07', 'Atud, Kevin Renan Cordero', 'B17 L8 Rosalina 3 Village, Brgy. Baliok, Davao City', '0977-762-8752', '2021-06-09', '1997-04-18', 2, 1, 0, 'RESIGNED', '2022-03-07 16:46:03.000000', '2022-03-07 17:55:15.000000'),
(118, '109', '2000-09', 'Cazar, Jeffrey Gaspan', '12 Saint Jude St., Teacher\'s Village, Matina Aplaya, Davao City', '0938-233-9511', '2021-06-09', '1972-01-25', 2, 1, 0, 'RESIGNED', '2022-03-07 16:46:03.000000', '2022-03-07 17:55:55.000000'),
(119, '110', '2000-10', 'Emba-an Exerces Jhun', 'NHA Bangkal, Central Park, Davao City', '0907-057-5254', '2021-06-09', '1998-09-01', 2, 1, 0, 'RESIGNED', '2022-03-07 16:46:03.000000', '2022-03-07 17:56:12.000000'),
(120, '121', '2000-21', 'Velilla, Marion Busacay', '22 Jose Abad Santos St., Davao City', '0910-106-7670', '2021-06-09', '1988-12-04', 2, 1, 0, 'RESIGNED', '2022-03-07 16:46:03.000000', '2022-03-07 17:56:24.000000'),
(121, '122', '2000-22', 'Absalon, Rosemarie', '33 Sobrecarey St., Brgy. 14-B Davao City', '0946-318-9801', '2021-06-18', '1998-07-30', 8, 1, 0, 'RESIGNED', '2022-03-07 16:46:03.000000', '2022-03-07 17:56:44.000000'),
(122, '123', '2000-23', 'Amandoron, Jenmark Pasaje', 'Brgy. New Carmen, Tugbok Dist., Davao City', '0906-518-0488', '2021-06-28', '1996-09-13', 2, 1, 0, 'AWOL', '2022-03-07 16:46:03.000000', '2022-03-07 17:57:00.000000'),
(123, '128', '2000-28', 'Cadungog, Markclein Gacita', '847 Brgy. Leon Garcia Sr. Sto Niño Gotamco, Agdao Davao City', '0965-296-5067', '2021-06-28', '2002-12-28', 2, 1, 0, 'RESIGNED', '2022-03-07 16:46:03.000000', '2022-03-07 17:57:14.000000'),
(124, '129', '2000-29', 'Chuy Joseph', 'B3 L41 Belgium St., Phase 2 Vista Verde Village, Panacan, Davao City', '0968-328-2005', '2021-06-28', '1995-02-20', 2, 1, 0, 'AWOL', '2022-03-07 16:46:03.000000', '2022-03-07 17:57:31.000000'),
(125, '133', '2000-33', 'Idulsa, Paolo John Reyes', 'Sitio Escuela, Catalunan Grande, Davao City', '0909-476-7950', '2021-06-28', '1992-08-06', 2, 1, 0, 'RESIGNED', '2022-03-07 16:46:03.000000', '2022-03-07 17:57:58.000000'),
(126, '134', '2000-34', 'Celada, Jejebe Calzado', 'Cabayugan 1, Sasa Davao City', '0945-175-1077', '2021-06-28', '2001-07-01', 2, 1, 0, 'AWOL', '2022-03-07 16:46:03.000000', '2022-03-07 17:58:14.000000'),
(127, '137', '2000-37', 'Ortiz, Jayson Apares', 'Purok 1-A Mulig, Toril Davao City', '0935-860-7943', '2021-06-28', '1993-09-09', 2, 1, 0, 'AWOL', '2022-03-07 16:46:03.000000', '2022-03-07 17:58:30.000000'),
(128, '139', '2000-39', 'Redaniel, Maiko Regine', '128 Sampaguita St., Flores Village, Bangkal Davao City', '0930-527-3270', '2021-06-28', '2000-08-29', 8, 1, 0, 'RESIGNED', '2022-03-07 16:46:03.000000', '2022-03-07 17:59:35.000000'),
(129, '140', '2000-40', 'Sawangan, Ahmed Laos', 'Waan, Buhangin Davao City', '0935-324-2306', '2021-06-28', '1993-11-18', 2, 1, 0, 'AWOL', '2022-03-07 16:46:03.000000', '2022-03-07 17:59:51.000000'),
(130, '146', '2000-46', 'Cane, Markopper Roda', 'Loyalty St. Don Julian Village Ma-a, Davao City', '0951-798-0031', '2021-07-01', '1994-05-09', 8, 1, 0, 'RESIGNED', '2022-03-07 16:46:03.000000', '2022-03-07 18:01:04.000000'),
(131, '147', '2000-47', 'Cervantes, Maristel Dequit', 'Km. 19 Purok 1B Graceland Los Amigos, Tugbok, Davao City', '0921-774-0793', '2021-07-01', '1984-09-24', 8, 1, 0, 'RESIGNED', '2022-03-07 16:46:03.000000', '2022-03-07 18:01:40.000000'),
(132, '148', '2000-48', 'Dearos, Shaira Joyce Salvador', 'B9 L41 Micah St., Deca Homes, Catalunan Grande Davao City', '0997-501-3397', '2021-07-01', '1998-01-15', 8, 1, 0, 'RESIGNED', '2022-03-07 16:46:03.000000', '2022-03-07 18:02:02.000000'),
(133, '149', '2000-49', 'Fernandez, Joselito Palgan', 'Purok 9, Marapangi 3 Toril, Davao City', '0929-493-3263', '2021-07-01', '1993-12-30', 8, 1, 0, 'RESIGNED', '2022-03-07 16:46:03.000000', '2022-03-07 18:02:17.000000'),
(134, '151', '2000-51', 'Camanzie, Jenny Rose Luna', 'R.Castillo Ubalde, Zuño St., Agdao, Davao City', '0907-098-8590', '2021-08-02', '1999-11-29', 2, 1, 0, 'RESIGNED', '2022-03-07 16:46:03.000000', '2022-03-07 18:03:33.000000'),
(135, '153', '2000-53', 'Gustilo, Ralph Legaspi', '299 Sardonyx St., GEM Village, Ma-a Davao City', '0931-094-0615', '2021-08-02', '1999-05-05', 2, 1, 0, 'RESIGNED', '2022-03-07 16:46:03.000000', '2022-03-07 18:03:44.000000'),
(136, '156', '2000-56', 'Zanoria, Rachel Basut', 'Phase 1 B10 L9 Antorium St., NHA Bangkal, Davao City', '0961-173-2787', '2021-08-02', '1998-01-29', 2, 1, 0, 'RESIGNED', '2022-03-07 16:46:03.000000', '2022-03-07 18:04:03.000000'),
(137, '170', '2000-58', 'Zanoria, Ruth', 'N/A', 'N/A', '2021-11-16', '1999-10-27', 7, 1, 0, 'RESIGNED', '2022-03-07 16:46:03.000000', '2022-03-07 18:10:35.000000'),
(138, '144', '2000-44', 'Pulido, Wilrose Torrejos', 'Purok 1 Baliok Talomo Dist. Davao City', '9635665579', '2021-06-17', '1995-08-15', 2, 1, 0, 'AWOL', '2022-03-07 16:46:03.000000', '2022-03-07 18:04:59.000000'),
(139, 'N/A', 'N/A', 'Ramada, Jessa', 'N/A', 'N/A', '2021-11-16', '1998-02-12', 7, 1, 0, 'RESIGNED', '2022-03-07 16:46:03.000000', '2022-03-07 18:05:41.000000'),
(140, '126', '2000-26', 'Balansag, Marie Abbygail Mejia', '16 Sunrise Village, Matina, Davao City', '0916-395-4597', '2021-10-18', '1973-03-18', 9, 1, 0, 'RESIGNED', '2022-03-07 16:46:03.000000', '2022-03-07 18:06:22.000000'),
(141, '125', '2000-25', 'Bagcat, Emmanuel Rei Tan', 'Purok 5 Poblacion, Tugbok, Davao City', '0956-157-7746', '2021-11-16', '1997-07-19', 7, 1, 0, 'RESIGNED', '2022-03-07 16:46:03.000000', '2022-03-07 18:06:37.000000'),
(142, '108', '2000-08', 'Bantilan, Geofel Jade Janea', '0909 Copper St., San Rafael Village, Davao City', '0920-349-5400', '2021-06-09', '1997-05-05', 2, 1, 0, 'RESIGNED', '2022-03-07 16:46:03.000000', '2022-03-07 18:06:52.000000'),
(143, '114', '2000-14', 'Milallos III, Gregorio Jamandre', 'B9 L20 Wellspring Village, Phase 3 Catalunan Pequeño, Davao City', '0907-620-9269', '2021-06-09', '1990-06-21', 2, 1, 0, 'RESIGNED', '2022-03-07 16:46:03.000000', '2022-03-07 18:06:59.000000'),
(144, '112', '2000-12', 'Jumdaine, Mustafa Razonable', 'Muslim Village, Purok 75 Bangkal, Davao City', '0963-940-9479', '2021-06-09', '1996-01-01', 2, 1, 0, 'RESIGNED', '2022-03-07 16:46:03.000000', '2022-03-07 18:07:05.000000'),
(146, '6', '10006', 'varron, jomark james mabilangan', 'limousine st. brgy. w. aquio agdao', '09', '2021-06-01', '1996-07-28', 10, 1, 0, 'RESIGNED', '2022-03-08 15:34:45.000000', '2022-03-08 15:35:10.000000');

-- --------------------------------------------------------

--
-- Table structure for table `benefits`
--

CREATE TABLE `benefits` (
  `id` int(255) NOT NULL,
  `agent_id` int(255) DEFAULT NULL,
  `tin` text DEFAULT NULL,
  `sss` text DEFAULT NULL,
  `philhealth` text DEFAULT NULL,
  `pag_ibig` text DEFAULT NULL,
  `created_at` datetime(6) NOT NULL DEFAULT current_timestamp(6),
  `updated_at` datetime(6) NOT NULL DEFAULT current_timestamp(6)
) ENGINE=InnoDB DEFAULT CHARSET=utf8mb4;

--
-- Dumping data for table `benefits`
--

INSERT INTO `benefits` (`id`, `agent_id`, `tin`, `sss`, `philhealth`, `pag_ibig`, `created_at`, `updated_at`) VALUES
(12, 12, '931-734-167', '09-2453135-4', '16-025157253-1', '1210-7110-0167', '2022-03-07 16:24:04.000000', '2022-03-07 16:24:04.000000'),
(13, 13, '931-734-167', '09-2453135-4', '16-025157253-1', '1210-7110-0167', '2022-03-07 16:24:04.000000', '2022-03-08 15:21:31.000000'),
(14, 14, '433-881-862', '09-3036863-4', '16-050554248-4', '1211-0961-1465', '2022-03-07 16:24:04.000000', '2022-03-07 16:24:04.000000'),
(15, 15, 'N/A', '09-1892863-0', '16-025728264-0', 'N/A', '2022-03-07 16:24:04.000000', '2022-03-07 16:24:04.000000'),
(16, 16, '330-029-041', '09-3913516-9', '16-0506922211-6', '1211-5685-9285', '2022-03-07 16:24:04.000000', '2022-03-07 16:24:04.000000'),
(17, 17, '325-608-153', '09-3686470-5', '16-050593055-7', '1211-7693-7681', '2022-03-07 16:24:05.000000', '2022-03-07 16:24:05.000000'),
(18, 18, '336-367-912', '34-6003020-6', '03-051335869-1', '1211-7328-2812', '2022-03-07 16:24:05.000000', '2022-03-07 16:24:05.000000'),
(19, 19, '237-476-036', '09-2717027-5', '16-025232797-2', '1210-8713-4592', '2022-03-07 16:24:05.000000', '2022-03-07 16:24:05.000000'),
(20, 20, '250-935-972', '09-2877725-3', '12-050647248-8', '1640-0199-3830', '2022-03-07 16:24:05.000000', '2022-03-07 16:24:05.000000'),
(21, 21, '332-150-945', '34-6319725-6', '16-050732857-9', '1211-8543-8014', '2022-03-07 16:24:05.000000', '2022-03-07 16:24:05.000000'),
(22, 22, '337-942-301', '09-4061422-6', '16-025716342-0', '1211-6736-1908', '2022-03-07 16:24:05.000000', '2022-03-07 16:24:05.000000'),
(23, 23, '263-124-545', '09-2702511-3', '01-050153072-2', 'N/A', '2022-03-07 16:24:05.000000', '2022-03-07 18:07:51.000000'),
(24, 24, '349-228-706', '09-4455088-1', '16-250965570-7', '1212-3165-7133', '2022-03-07 16:24:05.000000', '2022-03-07 16:24:05.000000'),
(25, 25, '379-871-134', '09-4379560-5', '16-050816878-8', 'N/A', '2022-03-07 16:24:05.000000', '2022-03-07 16:24:05.000000'),
(26, 26, '746-848-910', '09-4599578-8', '16-050796458-0', '1211-5076-0164', '2022-03-07 16:24:05.000000', '2022-03-07 16:24:05.000000'),
(27, 27, '408-159-568', '09-3301147-0', '01-05120685-8', '9122-2713-7260', '2022-03-07 16:24:05.000000', '2022-03-07 16:24:05.000000'),
(28, 28, '392-471-680', '09-3733365-9', '16-250129359-8', '1212-7513-5552', '2022-03-07 16:24:05.000000', '2022-03-07 16:24:05.000000'),
(29, 29, '721-989-693', '34-9145512-2', '16-251181847-8', '1212-6637-2471', '2022-03-07 16:24:05.000000', '2022-03-07 16:24:05.000000'),
(30, 30, '346-438-921', '09-4228831-7', '16-250516471-7', '1211-9613-7089', '2022-03-07 16:24:05.000000', '2022-03-07 16:24:05.000000'),
(31, 31, 'N/A', '35-0636235-9', 'N/A', 'N/A', '2022-03-07 16:24:05.000000', '2022-03-07 16:24:05.000000'),
(32, 32, '354-134-647', '09-4476715-3', '16-050779482', '1212-3465-4925', '2022-03-07 16:24:05.000000', '2022-03-07 16:24:05.000000'),
(33, 33, 'N/A', '09-4082825-8', 'N/A', 'N/A', '2022-03-07 16:24:05.000000', '2022-03-07 16:24:05.000000'),
(34, 34, '317-381-784', '09-3586659-3', '16-050570437-9', '1212-1499-1376', '2022-03-07 16:24:05.000000', '2022-03-07 16:24:05.000000'),
(35, 35, '395-988-303', 'N/A', 'N/A', '9210-0535-2089', '2022-03-07 16:24:05.000000', '2022-03-07 16:24:05.000000'),
(36, 36, 'N/A', '35-0459612-7', 'N/A', 'N/A', '2022-03-07 16:24:05.000000', '2022-03-07 16:24:05.000000'),
(37, 37, '101-631-328', '34-9629759-2', '16-025895119-8', '1212-7366-7920', '2022-03-07 16:24:05.000000', '2022-03-07 16:24:05.000000'),
(38, 38, '704-113-007', '09-4171424-0', '17-25080112-0', '1211-8696-7052', '2022-03-07 16:24:05.000000', '2022-03-07 16:24:05.000000'),
(39, 39, '770-947-121', '09-4198211-9', '16-025763913-1', '1212-0290-8436', '2022-03-07 16:24:05.000000', '2022-03-07 16:24:05.000000'),
(40, 40, '318-832-508', '09-3799291-9', '16-050634535-6', '1211-2495-7281', '2022-03-07 16:24:05.000000', '2022-03-07 16:24:05.000000'),
(41, 41, '350-908-966', '34-7846969-4', '17-251079301-9', 'N/A', '2022-03-07 16:24:05.000000', '2022-03-07 16:24:05.000000'),
(42, 42, '726-375-327', '09-4422300-8', '16-050776284-8', '1212-2583-5644', '2022-03-07 16:24:05.000000', '2022-03-07 16:24:05.000000'),
(43, 43, 'N/A', 'N/A', '16-025938137-9', 'N/A', '2022-03-07 16:24:05.000000', '2022-03-07 16:24:05.000000'),
(44, 44, '337-107-493', '09-3770633-8', '16-050638823-3', '12-111798390-3', '2022-03-07 16:24:05.000000', '2022-03-07 16:24:05.000000'),
(45, 45, '365-050-789', '09-4577040-8', 'N/A', '1212-4752-7155', '2022-03-07 16:24:05.000000', '2022-03-07 16:24:05.000000'),
(46, 46, '728-852-336', '09-4278713-5', '16-250720619-0', '1212-0454-4246', '2022-03-07 16:24:05.000000', '2022-03-07 16:24:05.000000'),
(47, 47, 'N/A', '09-4631272-6', '16-025854447-9', '1212-4641-3756', '2022-03-07 16:24:05.000000', '2022-03-07 16:24:05.000000'),
(48, 48, 'N/A', '09-4484273-5', '16-025809424-4', '9182-6905-0517', '2022-03-07 16:24:05.000000', '2022-03-07 16:24:05.000000'),
(49, 49, 'N/A', '09-3920822-9', '16-050776810-7', '1212-8361-1840', '2022-03-07 16:24:05.000000', '2022-03-07 16:24:05.000000'),
(50, 50, 'N/A', 'N/A', 'N/A', 'N/A', '2022-03-07 16:24:05.000000', '2022-03-07 16:24:05.000000'),
(51, 51, 'N/A', 'N/A', 'N/A', 'N/A', '2022-03-07 16:24:05.000000', '2022-03-07 16:24:05.000000'),
(52, 52, '732-773-313', 'N/A', 'N/A', 'N/A', '2022-03-07 16:24:05.000000', '2022-03-07 16:24:05.000000'),
(53, 53, 'N/A', 'N/A', 'N/A', 'N/A', '2022-03-07 16:24:05.000000', '2022-03-07 16:24:05.000000'),
(54, 54, 'N/A', 'N/A', 'N/A', 'N/A', '2022-03-07 16:24:05.000000', '2022-03-07 16:24:05.000000'),
(55, 55, '772-083-273', '34-9824074-1', '16-025906891-3', '1212-7689-6707', '2022-03-07 16:24:05.000000', '2022-03-07 16:24:05.000000'),
(56, 56, '350-003-704', '09-4049724-9', '17-201915693-7', '1211-6583-4749', '2022-03-07 16:24:05.000000', '2022-03-07 16:24:05.000000'),
(57, 57, '719-622-524', '09-4136832-2', '16-250653380-5', '1211-9365-7201', '2022-03-07 16:24:05.000000', '2022-03-07 16:24:05.000000'),
(111, 111, '297-186-064', '09-3214606-1', '16-050435481-1', 'N/A', '2022-03-07 16:46:03.000000', '2022-03-07 16:46:03.000000'),
(112, 112, '267-890-264', '09-3042520-5', '16-050354438-2', 'N/A', '2022-03-07 16:46:03.000000', '2022-03-07 16:46:03.000000'),
(113, 113, '444-030-309', '09-3682256-9', '16-050592391-7', 'N/A', '2022-03-07 16:46:03.000000', '2022-03-07 16:46:03.000000'),
(114, 114, '311-636-672', '09-3422792-0', '16-050509639-5', '1211-0125-5920', '2022-03-07 16:46:03.000000', '2022-03-07 16:46:03.000000'),
(115, 115, '945-605-773', '09-2820879-3', '16-050252648-8', '1010-0308-0282', '2022-03-07 16:46:03.000000', '2022-03-07 16:46:03.000000'),
(116, 116, '401-220-092', '09-1152924-3', '03-050454156-4', '1210-9823-2559', '2022-03-07 16:46:03.000000', '2022-03-07 16:46:03.000000'),
(117, 117, '343-980-308', '09-3495573-9', '16-025544210-1', '1210-6435-3401', '2022-03-07 16:46:03.000000', '2022-03-07 16:46:03.000000'),
(118, 118, '481-422-886', '09-1679890-1', '16-025668877-5', '1211-8175-0980', '2022-03-07 16:46:03.000000', '2022-03-07 16:46:03.000000'),
(119, 119, 'N/A', '35-0634029-0', 'N/A', 'N/A', '2022-03-07 16:46:03.000000', '2022-03-07 16:46:03.000000'),
(120, 120, 'N/A', '0111-9870856-9', '16-025788541-8', '1212-1701-9593', '2022-03-07 16:46:03.000000', '2022-03-07 16:46:03.000000'),
(121, 121, '777-232-269', '34-9723930-0', '16-025899333-8', '1212-7477-9890', '2022-03-07 16:46:03.000000', '2022-03-07 16:46:03.000000'),
(122, 122, '325-083-913', '09-4005376-4', '16-050702971-7', 'N/A', '2022-03-07 16:46:03.000000', '2022-03-07 16:46:03.000000'),
(123, 123, '322-386-402', '09-3364277-1', '16-050502648-6', '1211-8046-4815', '2022-03-07 16:46:03.000000', '2022-03-07 16:46:03.000000'),
(124, 124, '750-645-146', '34-7238835-7', '17-250084449-9', '1212-1504-6960', '2022-03-07 16:46:03.000000', '2022-03-07 16:46:03.000000'),
(125, 125, '333-282-000', '09-4348003-3', '16-025682320-6', '1211-8628-7938', '2022-03-07 16:46:03.000000', '2022-03-07 16:46:03.000000'),
(126, 126, '365-060-299', '34-9115866-5', '16-253152247-8', '1212-6584-8939', '2022-03-07 16:46:03.000000', '2022-03-07 16:46:03.000000'),
(127, 127, '326-826-869', '09-33556949-8', '16-050532032-5', '1211-7606-7476', '2022-03-07 16:46:03.000000', '2022-03-07 16:46:03.000000'),
(128, 128, 'N/A', '34-9831897-4', '16-250484748-9', 'N/A', '2022-03-07 16:46:03.000000', '2022-03-07 16:46:03.000000'),
(129, 129, '476-568-752', '07-3773296-8', '12-025704620-1', '1212-2153-8902', '2022-03-07 16:46:03.000000', '2022-03-07 16:46:03.000000'),
(130, 130, 'N/A', '09-4168005-5', '16-050735587-8', 'N/A', '2022-03-07 16:46:03.000000', '2022-03-07 16:46:03.000000'),
(131, 131, '286-672-130', '09-2190143-7', '16-025271821-1', '1211-4412-3887', '2022-03-07 16:46:03.000000', '2022-03-07 16:46:03.000000'),
(132, 132, 'N/A', '09-4212927-2', '16-050744574-5', '1211-9578-2484', '2022-03-07 16:46:03.000000', '2022-03-07 16:46:03.000000'),
(133, 133, '738-124-534', 'N/A', 'N/A', 'N/A', '2022-03-07 16:46:03.000000', '2022-03-07 16:46:03.000000'),
(134, 134, '382-946-498', '09-4407269-9', '16-250560946-8', '1212-2387-5609', '2022-03-07 16:46:03.000000', '2022-03-07 16:46:03.000000'),
(135, 135, 'N/A', '35-0815251-2', 'N/A', 'N/A', '2022-03-07 16:46:03.000000', '2022-03-07 16:46:03.000000'),
(136, 136, '353-998-363', '09-4494722-9', '16-050784832-7', '1212-3719-4505', '2022-03-07 16:46:03.000000', '2022-03-07 16:46:03.000000'),
(137, 137, 'N/A', 'N/A', 'N/A', 'N/A', '2022-03-07 16:46:03.000000', '2022-03-07 16:46:03.000000'),
(138, 138, 'N/A', 'N/A', 'N/A', 'N/A', '2022-03-07 16:46:03.000000', '2022-03-07 16:46:03.000000'),
(139, 139, 'N/A', '09-4130884-5', '16-250692774-9', '1212-7508-3499', '2022-03-07 16:46:03.000000', '2022-03-07 16:46:03.000000'),
(140, 140, '340-112-309', '09-2802687-1', '16-025268427-9', 'N/A', '2022-03-07 16:46:03.000000', '2022-03-07 16:46:03.000000'),
(141, 141, '726-986-809', '09-4620430-0', '16-250885545-1', '1212-4716-8237', '2022-03-07 16:46:03.000000', '2022-03-07 16:46:03.000000'),
(142, 142, '331-401-973', '34-6250061-1', '16-2507675801-1', '9162-6940-5357', '2022-03-07 16:46:03.000000', '2022-03-07 16:46:03.000000'),
(143, 143, '449-606-371', '09-3148383-5', '16-050429619-6', '2020-0162-0005', '2022-03-07 16:46:03.000000', '2022-03-07 16:46:03.000000'),
(144, 144, '334-732-553', '09-3804968-3', '16-250762174-0', '1211-4931-5551', '2022-03-07 16:46:03.000000', '2022-03-07 16:46:03.000000'),
(145, 145, '946-911-961', '06-1353601-3', '16-025153475-3', '1880-0084-8648', '2022-03-07 16:46:03.000000', '2022-03-07 16:46:03.000000'),
(146, 146, NULL, NULL, NULL, NULL, '2022-03-08 15:34:45.000000', '2022-03-08 15:34:45.000000');

-- --------------------------------------------------------

--
-- Table structure for table `contact_persons`
--

CREATE TABLE `contact_persons` (
  `id` int(255) NOT NULL,
  `agent_id` int(255) DEFAULT NULL,
  `c_person` varchar(255) DEFAULT NULL,
  `relationship` varchar(255) DEFAULT NULL,
  `e_address` varchar(255) DEFAULT NULL,
  `e_contact` text DEFAULT NULL,
  `created_at` datetime(6) NOT NULL DEFAULT current_timestamp(6),
  `updated_at` datetime(6) NOT NULL DEFAULT current_timestamp(6)
) ENGINE=InnoDB DEFAULT CHARSET=utf8mb4;

--
-- Dumping data for table `contact_persons`
--

INSERT INTO `contact_persons` (`id`, `agent_id`, `c_person`, `relationship`, `e_address`, `e_contact`, `created_at`, `updated_at`) VALUES
(12, 12, 'Lorlinda Bantillo', 'Mother', '6-7 Duchess Road, Royal Valley Bangkal, Davao City', '(082)299-3920', '2022-03-07 16:24:04.000000', '2022-03-07 16:24:04.000000'),
(13, 13, 'Lorlinda Bantillo', 'Mother', '6-7 Duchess Road, Royal Valley Bangkal, Davao City', '(082)299-3920', '2022-03-07 16:24:04.000000', '2022-03-08 15:21:31.000000'),
(14, 14, 'Marivic Villavecencio', 'Partner', 'B4 L22 Kadayawan Homes, Phase 1 NHA Bangkal, Davao City', '0936-057-8552', '2022-03-07 16:24:04.000000', '2022-03-07 16:24:04.000000'),
(15, 15, 'JV Artes', 'Cousin', '379 Silam Road, Phase 2, Central Park, Bangkal Davao City', '0917-718-6969', '2022-03-07 16:24:04.000000', '2022-03-07 16:24:04.000000'),
(16, 16, 'Florenda M. Namata', 'Mother', 'Purok Durian, Darong Sta. Cruz, Davao City', '0921-509-8946', '2022-03-07 16:24:04.000000', '2022-03-07 16:24:04.000000'),
(17, 17, 'Felizardo H. Mulit', 'Father', 'Brgy. 22 Los Amigos, Tugbok, Dist., Davao City', '0946-500-2894', '2022-03-07 16:24:05.000000', '2022-03-07 16:24:05.000000'),
(18, 18, 'Mary Joy Dela Peña', 'Partner', 'Purok 4, Nalum Baliok , Talomo Davao City', '9508294940', '2022-03-07 16:24:05.000000', '2022-03-07 16:24:05.000000'),
(19, 19, 'Mercy Finlac', 'Mother', '19 Opal St. SM Village, Bangkal Davao City', '0926-318-6000', '2022-03-07 16:24:05.000000', '2022-03-07 16:24:05.000000'),
(20, 20, 'Kim Tionloc', 'Sister', 'Deca Mintal Davao City', '0956-603-5266', '2022-03-07 16:24:05.000000', '2022-03-07 16:24:05.000000'),
(21, 21, 'Jan Louis Villegas', 'Partner', 'Resister Street, Alpha homes Matina Aplaya Davao City', '9956519199', '2022-03-07 16:24:05.000000', '2022-03-07 16:24:05.000000'),
(22, 22, 'Victoria Cunanan', 'Mother', 'Durian Village, Matsuo Compund Calinan davao city', '0929-870-9089', '2022-03-07 16:24:05.000000', '2022-03-07 16:24:05.000000'),
(23, 23, 'Merly Glan Braza', 'Mother', 'New York, New york USA', '134-751-06860', '2022-03-07 16:24:05.000000', '2022-03-07 16:24:05.000000'),
(24, 24, 'Marilyn Amores', 'Mother', 'Purok 59 NHA Seaside, Bangkal, Davao City', '0938-858-8324', '2022-03-07 16:24:05.000000', '2022-03-07 16:24:05.000000'),
(25, 25, 'Marisa Amper', 'Mother', 'Malasugue St., Jerome Ext., Brgy. R. Castillo Agdao, Davao City', '0907-986-2504', '2022-03-07 16:24:05.000000', '2022-03-07 16:24:05.000000'),
(26, 26, 'Cornelia Gonzales', 'Guardian', 'B18 L9 Samantha Homes, Catalunan Pequeño, Davao City', '0928-225-5498', '2022-03-07 16:24:05.000000', '2022-03-07 16:24:05.000000'),
(27, 27, 'Tiffany Artes', 'Spouse', '379-B Silam Road, Phase 2, Central Park, Bangkal Davao City', '0917-597-5616', '2022-03-07 16:24:05.000000', '2022-03-07 16:24:05.000000'),
(28, 28, 'Candelaria G. Gascon', 'Sister', 'Brgy. Kauswagan, Panabo City', '0920-336-3950', '2022-03-07 16:24:05.000000', '2022-03-07 16:24:05.000000'),
(29, 29, 'Rowena Ollamina', 'Mother', 'Phase 9-C B52 L3, Deca Homes, Mintal, Davao City', '0936-729-1527', '2022-03-07 16:24:05.000000', '2022-03-07 16:24:05.000000'),
(30, 30, 'Therese Antonette Paquiding', 'Mother', 'B1 22-C Piapi Boulevard, Davao City', '0997-935-1509', '2022-03-07 16:24:05.000000', '2022-03-07 16:24:05.000000'),
(31, 31, 'Janet Tuazon', 'Mother', 'San Vicente, Banay-Banay Davao Oriental', '0930-883-3005', '2022-03-07 16:24:05.000000', '2022-03-07 16:24:05.000000'),
(32, 32, 'Henry Señor', 'Father', 'Yñeguez Purok 41, Bugac, Ma-a Davao City', '0929-618-1126', '2022-03-07 16:24:05.000000', '2022-03-07 16:24:05.000000'),
(33, 33, 'Jera May Sorote', 'Sister', 'Km. 14 Panacan, Davao, City', '0920-951-1889', '2022-03-07 16:24:05.000000', '2022-03-07 16:24:05.000000'),
(34, 34, 'Evamie Amorin', 'Sister', 'Purok 4 Sitio Tandawan, Brgy. Magtuod, Davao City', '0955-346-3982', '2022-03-07 16:24:05.000000', '2022-03-07 16:24:05.000000'),
(35, 35, 'Cesar Bravo', 'Father', 'B8 L13 Susana Homes III, Baliok, Talomo Davao City', 'N/A', '2022-03-07 16:24:05.000000', '2022-03-07 16:24:05.000000'),
(36, 36, 'Tessie Engcoy', 'Mother', 'Lipadas, Daliao, Toril Davao City', 'N/A', '2022-03-07 16:24:05.000000', '2022-03-07 16:24:05.000000'),
(37, 37, 'Jasper June Gallardo', 'Father', 'Km 5.5 Diversion Road, Brgy. 74-A Matina Crossing, Talomo Dist., Davao City', '0912-164-0966', '2022-03-07 16:24:05.000000', '2022-03-07 16:24:05.000000'),
(38, 38, 'Pamela Reveche', 'Aunt', 'Purok 15 Saha Lower Lubogan, Toril Davao City', '0908-918-9781', '2022-03-07 16:24:05.000000', '2022-03-07 16:24:05.000000'),
(39, 39, 'Kandra Miguel', 'Mother', 'B8 L16 Gallera de Oro, Bago Aplaya, Talomo Davao City', '0938-210-5580', '2022-03-07 16:24:05.000000', '2022-03-07 16:24:05.000000'),
(40, 40, 'Ely F. Flores', 'Mother', 'Mini Forest Boulevard, Brgy. 23-C, Davao City', '0910-293-4055', '2022-03-07 16:24:05.000000', '2022-03-07 16:24:05.000000'),
(41, 41, 'Jennifer Sucuaje', 'Mother', 'Siti Camamara, Brgy. Waan, Davao City', 'N/A', '2022-03-07 16:24:05.000000', '2022-03-07 16:24:05.000000'),
(42, 42, 'Enrique Umusig', 'Father', 'B6 L3 New Creation, Dumoy Association', '0910-247-3890', '2022-03-07 16:24:05.000000', '2022-03-07 16:24:05.000000'),
(43, 43, 'Wigyberto N. Villanueva', 'Father', 'B1 L42 Sitio Malatabis, Lizada Toril, Davao City', '0997-061-3024', '2022-03-07 16:24:05.000000', '2022-03-07 16:24:05.000000'),
(44, 44, 'Juliet Aceberos', 'Mother', 'Tandawan, Brgy. Magtuod, Ma-a Davao City', '0956-590-4457', '2022-03-07 16:24:05.000000', '2022-03-07 16:24:05.000000'),
(45, 45, 'Catalina C. Argota', 'Mother', '46 Orchid St., Malinawon Village, Matina Aplaya, Davao City', '0919-801-9840', '2022-03-07 16:24:05.000000', '2022-03-07 16:24:05.000000'),
(46, 46, 'Jervs Paul Pangilinan', 'Partner', '127 Macopa St., Norton Subd., Matina Aplaya, Davao City', '0995-369-5025', '2022-03-07 16:24:05.000000', '2022-03-07 16:24:05.000000'),
(47, 47, 'Fe Badang Mayaki', 'Relative', 'B36 L14 NHA Bangkal Village, Ma-a Davao City', '0946-750-5338', '2022-03-07 16:24:05.000000', '2022-03-07 16:24:05.000000'),
(48, 48, 'Evamie Amorin', 'Partner', 'Matina Balusong, Davao City', '0955-346-3982', '2022-03-07 16:24:05.000000', '2022-03-07 16:24:05.000000'),
(49, 49, 'Eduardo Alferez', 'Relative', 'Matina Aplaya Davao City', '0961-254-5293', '2022-03-07 16:24:05.000000', '2022-03-07 16:24:05.000000'),
(50, 50, 'Anadellia Balihani', 'Mother', 'Purok 60 Talomo Muslim Village NHA Bangkal Davao City', '0936-668-1654', '2022-03-07 16:24:05.000000', '2022-03-07 16:24:05.000000'),
(51, 51, 'Edna Suyko', 'Mother', 'Crysanthemum St. San Juan Village Bangal Davao City', '0915-272-9879', '2022-03-07 16:24:05.000000', '2022-03-07 16:24:05.000000'),
(52, 52, 'Waheda Canobas', 'Mother', 'Muslim Village NHA bangkal Davao City', '0968-853-1274', '2022-03-07 16:24:05.000000', '2022-03-07 16:24:05.000000'),
(53, 53, 'Mustafa Jumdaine', 'Relative', 'NHA Bangkal Muslim Village Davao City', '0963-940-9479', '2022-03-07 16:24:05.000000', '2022-03-07 16:24:05.000000'),
(54, 54, 'Delma Fetalvar', 'Mother', 'Maharlika Village Matina Aplaya Davao City', '0910-147-9252', '2022-03-07 16:24:05.000000', '2022-03-07 16:24:05.000000'),
(55, 55, 'Anna Francia', 'Mother', 'Purok 7 Gumamela St. Brgy. 5-A Bankerohan Davao City', '0910-801-5587', '2022-03-07 16:24:05.000000', '2022-03-07 16:24:05.000000'),
(56, 56, 'Jimmy Canabuan', 'Relative', 'Mlang North Cotabato', '0951-482-1331', '2022-03-07 16:24:05.000000', '2022-03-07 16:24:05.000000'),
(57, 57, 'Chora Lindongan', 'Mother', 'Talomo Muslin Village Bangkal Davao City', '0963-198-7822', '2022-03-07 16:24:05.000000', '2022-03-07 16:24:05.000000'),
(110, 111, 'Elsa Morteza', 'Mother', 'Muslim Village, Bangkal, Davao City', '0997-325-9544', '2022-03-07 16:46:03.000000', '2022-03-07 16:46:03.000000'),
(111, 112, 'Chito Ureta', 'Father', '036-A Dumanlas San Miguel, Buhangin, Davao City', '0915-670-1740', '2022-03-07 16:46:03.000000', '2022-03-07 16:46:03.000000'),
(112, 113, 'Miraflor P. Elian', 'Mother', 'L12 Block Phase 3 Deca Homes Resort Residences, Brgy. Tugbok, Davao City', '0912-803-9704', '2022-03-07 16:46:03.000000', '2022-03-07 16:46:03.000000'),
(113, 114, 'Narcisa V. Erbeto', 'Mother', 'Brgy. Aquino Sarphil, Agdao, Davao City', '0976-621-2822', '2022-03-07 16:46:03.000000', '2022-03-07 16:46:03.000000'),
(114, 115, 'Lanie Dela Cruz', 'Sister', 'Purok 38 Abayon Village, Calinan Davao City', '9075383412', '2022-03-07 16:46:03.000000', '2022-03-07 16:46:03.000000'),
(115, 116, 'Melody Agbon', 'Sister', 'Datu Bago Extension, Bangkerohan, Davao City', '0950-134-6040', '2022-03-07 16:46:03.000000', '2022-03-07 16:46:03.000000'),
(116, 117, 'Jhirly Atud', 'Mother', 'B17 L8 Rosalina 3 Village, Brgy. Baliok, Davao City', '0918-732-0129', '2022-03-07 16:46:03.000000', '2022-03-07 16:46:03.000000'),
(117, 118, 'Paul John Cazar', 'Brother', '12 Saint Jude St., Teacher\'s Village, Matina Aplaya, Davao City', '0946-404-9423', '2022-03-07 16:46:03.000000', '2022-03-07 16:46:03.000000'),
(118, 119, 'Loreta Emba-an', 'Mother', 'Malaysia St., Phase 3 B24 L14, Bangkal Davao City', '0995-094-0148', '2022-03-07 16:46:03.000000', '2022-03-07 16:46:03.000000'),
(119, 120, 'Arnold Velilla', 'Father', '22 Jose Abad Santos, Brgy. 7-A, Davao City', '0933-853-9800', '2022-03-07 16:46:03.000000', '2022-03-07 16:46:03.000000'),
(120, 121, 'Mary Ann Absalon', 'Mother', '33 Sobrecarey St., Brgy. 14-B Davao City', '0998-392-3027', '2022-03-07 16:46:03.000000', '2022-03-07 16:46:03.000000'),
(121, 122, 'Rovelyn Guadalupe', 'Mother', 'Brgy. New Carmen, Tugbok Dist., Davao City', 'N/A', '2022-03-07 16:46:03.000000', '2022-03-07 16:46:03.000000'),
(122, 123, 'Jackilyn Gayo', 'Partner', '847 Brgy. Leon Garcia Sr. Sto Niño Gotamco, Agdao Davao City', '0956-243-6096', '2022-03-07 16:46:03.000000', '2022-03-07 16:46:03.000000'),
(123, 124, 'Pedro de Jesus III', 'Father', 'B3 L41 Belgium St., Phase 2 Vista Verde Village, Panacan, Davao City', '0949-266-5625', '2022-03-07 16:46:03.000000', '2022-03-07 16:46:03.000000'),
(124, 125, 'Angelie Judale Beloy', 'Partner', '113 Pearl St., Caflor Village, Catalunan Grande, Davao City', '0951-686-6176', '2022-03-07 16:46:03.000000', '2022-03-07 16:46:03.000000'),
(125, 126, 'Isagani Celada', 'Father', 'Cabayugan 1, Sasa Davao City', '0943-707-2454', '2022-03-07 16:46:03.000000', '2022-03-07 16:46:03.000000'),
(126, 127, 'Maria Juliet Ortiz', 'Mother', 'Purok 1-A Mulig, Toril Davao City', '0936-262-2057', '2022-03-07 16:46:03.000000', '2022-03-07 16:46:03.000000'),
(127, 128, 'Miko Songcayauon', 'Partner', '128 Sampaguita St., Flores Village, Bangkal Davao City', '0930-009-9515', '2022-03-07 16:46:03.000000', '2022-03-07 16:46:03.000000'),
(128, 129, 'Rakma Sawangan', 'Sister', 'Waan, Buhangin Davao City', '0965-697-3675', '2022-03-07 16:46:03.000000', '2022-03-07 16:46:03.000000'),
(129, 130, 'Hamza Pinto', 'Spouse', 'Courage St., Don Julian Village, Ma-a Davao City', '0963-053-9636', '2022-03-07 16:46:03.000000', '2022-03-07 16:46:03.000000'),
(130, 131, 'Vicente T. Cervantes', 'Spouse', 'Km. 19 Purok 1B Graceland Los Amigos, Tugbok, Davao City', '0951-888-0694', '2022-03-07 16:46:03.000000', '2022-03-07 16:46:03.000000'),
(131, 132, 'Ruth S. Dearos', 'Mother', 'B9 L41 Micah St., Deca Homes, Catalunan Grande Davao City', '0935-613-0391', '2022-03-07 16:46:03.000000', '2022-03-07 16:46:03.000000'),
(132, 133, 'Joan L. Gay', 'Sister', 'Purok 9, Marapangi 3 Toril, Davao City', '0977-075-986', '2022-03-07 16:46:03.000000', '2022-03-07 16:46:03.000000'),
(133, 134, 'Daniel R. Camanzie', 'Father', 'R.Castillo Ubalde, Zuño St., Agdao, Davao City', '0930-834-1776', '2022-03-07 16:46:03.000000', '2022-03-07 16:46:03.000000'),
(134, 135, 'Ruel B. Gustilo', 'Father', '299 Sardonyx St., GEM Village, Ma-a Davao City', '0933-850-1688', '2022-03-07 16:46:03.000000', '2022-03-07 16:46:03.000000'),
(135, 136, 'Paulina B. Zanoria', 'Mother', 'Phase 1 B10 L9 Antorium St., NHA Bangkal, Davao City', '0950-758-2562', '2022-03-07 16:46:03.000000', '2022-03-07 16:46:03.000000'),
(136, 137, 'N/A', 'N/A', 'N/A', 'N/A', '2022-03-07 16:46:03.000000', '2022-03-07 18:04:45.000000'),
(137, 138, 'Elvin M. Dendero', 'Spouse', 'B97 Fatima Ext., Piapi Boulevard, Davao City', '0951-822-4083', '2022-03-07 16:46:03.000000', '2022-03-07 16:46:03.000000'),
(138, 139, 'N/A', 'N/A', 'N/A', 'N/A', '2022-03-07 16:46:03.000000', '2022-03-07 18:05:41.000000'),
(139, 140, 'Samantha Balansag', 'Daughter', '16 Sunrise Village, Matina, Davao City', '0916-395-4598', '2022-03-07 16:46:03.000000', '2022-03-07 16:46:03.000000'),
(140, 141, 'Jessie T. Bagcat', 'Mother', 'Purok 5 Poblacion, Tugbok, Davao City', '0909-200-4679', '2022-03-07 16:46:03.000000', '2022-03-07 16:46:03.000000'),
(141, 142, 'Marjorey Bantilan', 'Mother', '0909 Copper St., San Rafael Village, Davao City', '0919-724-1790', '2022-03-07 16:46:03.000000', '2022-03-07 16:46:03.000000'),
(142, 143, 'Karen Milallos', 'Spouse', 'B9 L20 Wellspring Village, Catalunan Pequeño, Davao City', '0907-620-9115', '2022-03-07 16:46:03.000000', '2022-03-07 16:46:03.000000'),
(143, 144, 'Aileen Jumdaine', 'Guardian', 'Muslim Village, Purok 75 Bangkal, Davao City', '0930-191-8517', '2022-03-07 16:46:03.000000', '2022-03-07 16:46:03.000000'),
(144, 145, 'Ginalissa G. Saniel', 'Spouse', '58 Garcia Heights, Bajada, Davao City', '(082)221-8839', '2022-03-07 16:46:03.000000', '2022-03-07 16:46:03.000000'),
(145, 146, 'fernando varron jr.', 'uncle', 'LIMOUSINE ST. BRGY. W. AQUIO AGDAO', '09', '2022-03-08 15:34:45.000000', '2022-03-08 15:34:45.000000');

-- --------------------------------------------------------

--
-- Table structure for table `contracts`
--

CREATE TABLE `contracts` (
  `id` int(255) NOT NULL,
  `contract_name` varchar(255) NOT NULL,
  `created_at` date NOT NULL DEFAULT current_timestamp(),
  `updated_at` date NOT NULL DEFAULT current_timestamp()
) ENGINE=InnoDB DEFAULT CHARSET=utf8mb4;

--
-- Dumping data for table `contracts`
--

INSERT INTO `contracts` (`id`, `contract_name`, `created_at`, `updated_at`) VALUES
(1, 'N/A', '2022-03-07', '2022-03-08');

-- --------------------------------------------------------

--
-- Table structure for table `staffs`
--

CREATE TABLE `staffs` (
  `id` int(255) NOT NULL,
  `user_id` varchar(255) NOT NULL,
  `fname` varchar(255) NOT NULL,
  `lname` varchar(255) NOT NULL,
  `created_at` timestamp(6) NOT NULL DEFAULT current_timestamp(6),
  `updated_at` timestamp(6) NOT NULL DEFAULT current_timestamp(6)
) ENGINE=InnoDB DEFAULT CHARSET=utf8mb4;

--
-- Dumping data for table `staffs`
--

INSERT INTO `staffs` (`id`, `user_id`, `fname`, `lname`, `created_at`, `updated_at`) VALUES
(11, '6', 'mcangelo', 'mulit', '2022-03-08 08:09:46.000000', '2022-03-08 08:09:46.000000');

-- --------------------------------------------------------

--
-- Table structure for table `users`
--

CREATE TABLE `users` (
  `id` int(20) NOT NULL,
  `username` varchar(255) COLLATE utf8mb4_unicode_ci NOT NULL,
  `password` varchar(255) COLLATE utf8mb4_unicode_ci NOT NULL,
  `rank` varchar(255) COLLATE utf8mb4_unicode_ci NOT NULL,
  `remember_token` varchar(100) COLLATE utf8mb4_unicode_ci DEFAULT NULL,
  `created_at` timestamp NULL DEFAULT NULL,
  `updated_at` timestamp NULL DEFAULT NULL
) ENGINE=InnoDB DEFAULT CHARSET=utf8mb4 COLLATE=utf8mb4_unicode_ci;

--
-- Dumping data for table `users`
--

INSERT INTO `users` (`id`, `username`, `password`, `rank`, `remember_token`, `created_at`, `updated_at`) VALUES
(1, 'admin', '$2y$10$oWjWkBTVm6k5bRqQx/XwU.4kG2FpmtjlDCTTsQKfuaJ7AeLvK5o3y', 'admin', NULL, NULL, '2022-03-08 06:37:01'),
(6, 'hr', '$2y$10$Xu6qBa9LVCuX7PLsUwW4u.0dYB.VcQc6GRba6vvU12fUWtE4coCAe', 'staff', NULL, '2022-03-08 08:09:46', '2022-03-08 08:09:46');

--
-- Indexes for dumped tables
--

--
-- Indexes for table `accounts`
--
ALTER TABLE `accounts`
  ADD PRIMARY KEY (`id`);

--
-- Indexes for table `agents`
--
ALTER TABLE `agents`
  ADD PRIMARY KEY (`id`);

--
-- Indexes for table `benefits`
--
ALTER TABLE `benefits`
  ADD PRIMARY KEY (`id`);

--
-- Indexes for table `contact_persons`
--
ALTER TABLE `contact_persons`
  ADD PRIMARY KEY (`id`);

--
-- Indexes for table `contracts`
--
ALTER TABLE `contracts`
  ADD PRIMARY KEY (`id`);

--
-- Indexes for table `staffs`
--
ALTER TABLE `staffs`
  ADD PRIMARY KEY (`id`);

--
-- Indexes for table `users`
--
ALTER TABLE `users`
  ADD PRIMARY KEY (`id`);

--
-- AUTO_INCREMENT for dumped tables
--

--
-- AUTO_INCREMENT for table `accounts`
--
ALTER TABLE `accounts`
  MODIFY `id` int(255) NOT NULL AUTO_INCREMENT, AUTO_INCREMENT=14;

--
-- AUTO_INCREMENT for table `agents`
--
ALTER TABLE `agents`
  MODIFY `id` int(255) NOT NULL AUTO_INCREMENT, AUTO_INCREMENT=147;

--
-- AUTO_INCREMENT for table `benefits`
--
ALTER TABLE `benefits`
  MODIFY `id` int(255) NOT NULL AUTO_INCREMENT, AUTO_INCREMENT=147;

--
-- AUTO_INCREMENT for table `contact_persons`
--
ALTER TABLE `contact_persons`
  MODIFY `id` int(255) NOT NULL AUTO_INCREMENT, AUTO_INCREMENT=146;

--
-- AUTO_INCREMENT for table `contracts`
--
ALTER TABLE `contracts`
  MODIFY `id` int(255) NOT NULL AUTO_INCREMENT, AUTO_INCREMENT=2;

--
-- AUTO_INCREMENT for table `staffs`
--
ALTER TABLE `staffs`
  MODIFY `id` int(255) NOT NULL AUTO_INCREMENT, AUTO_INCREMENT=12;

--
-- AUTO_INCREMENT for table `users`
--
ALTER TABLE `users`
  MODIFY `id` int(20) NOT NULL AUTO_INCREMENT, AUTO_INCREMENT=7;
COMMIT;

/*!40101 SET CHARACTER_SET_CLIENT=@OLD_CHARACTER_SET_CLIENT */;
/*!40101 SET CHARACTER_SET_RESULTS=@OLD_CHARACTER_SET_RESULTS */;
/*!40101 SET COLLATION_CONNECTION=@OLD_COLLATION_CONNECTION */;
